station,valid,tmpc,dwpc,relh,drct,sknt,vsby
SBGR,2019-05-01 00:00,20.00,18.00,88.26,130.00,2.00,5.59
SBGR,2019-05-01 01:00,20.00,18.00,88.26,150.00,3.00,6.21
SBGR,2019-05-01 02:00,20.00,18.00,88.26,130.00,3.00,6.21
SBGR,2019-05-01 03:00,18.00,18.00,100.00,0.00,0.00,3.73
SBGR,2019-05-01 04:00,18.00,18.00,100.00,90.00,2.00,3.73
SBGR,2019-05-01 04:10,18.00,18.00,100.00,70.00,2.00,3.11
SBGR,2019-05-01 05:00,19.00,18.00,93.92,70.00,5.00,3.73
SBGR,2019-05-01 06:00,18.00,18.00,100.00,50.00,7.00,4.97
SBGR,2019-05-01 07:00,19.00,18.00,93.92,40.00,6.00,4.97
SBGR,2019-05-01 08:00,19.00,18.00,93.92,50.00,5.00,4.97
SBGR,2019-05-01 09:00,18.00,18.00,100.00,50.00,5.00,4.97
SBGR,2019-05-01 10:00,17.00,17.00,100.00,60.00,4.00,3.73
SBGR,2019-05-01 11:00,18.00,18.00,100.00,60.00,6.00,4.97
SBGR,2019-05-01 12:00,19.00,18.00,93.92,60.00,7.00,4.97
SBGR,2019-05-01 13:00,21.00,18.00,82.98,70.00,4.00,6.21
SBGR,2019-05-01 14:00,22.00,18.00,78.04,240.00,2.00,6.21
SBGR,2019-05-01 15:00,25.00,17.00,61.13,350.00,3.00,6.21
SBGR,2019-05-01 16:00,26.00,17.00,57.60,300.00,5.00,6.21
SBGR,2019-05-01 17:00,27.00,17.00,54.30,320.00,7.00,6.21
SBGR,2019-05-01 18:00,27.00,17.00,54.30,300.00,8.00,6.21
SBGR,2019-05-01 19:00,26.00,16.00,54.05,280.00,7.00,6.21
SBGR,2019-05-01 20:00,26.00,16.00,54.05,300.00,7.00,6.21
SBGR,2019-05-01 21:00,24.00,17.00,64.91,270.00,4.00,6.21
SBGR,2019-05-01 22:00,23.00,17.00,68.94,280.00,3.00,6.21
SBGR,2019-05-01 23:00,21.00,18.00,82.98,0.00,0.00,6.21
SBGR,2019-05-02 00:00,19.00,17.00,88.18,0.00,0.00,6.21
SBGR,2019-05-02 01:00,20.00,18.00,88.26,0.00,0.00,6.21
SBGR,2019-05-02 02:00,20.00,18.00,88.26,0.00,0.00,5.59
SBGR,2019-05-02 03:00,19.00,19.00,100.00,150.00,1.00,4.97
SBGR,2019-05-02 04:00,19.00,19.00,100.00,0.00,0.00,3.73
SBGR,2019-05-02 05:00,19.00,19.00,100.00,0.00,0.00,3.73
SBGR,2019-05-02 06:00,19.00,18.00,93.92,70.00,3.00,3.73
SBGR,2019-05-02 07:00,20.00,19.00,93.97,0.00,0.00,4.35
SBGR,2019-05-02 08:00,19.00,19.00,100.00,60.00,3.00,4.35
SBGR,2019-05-02 09:00,19.00,18.00,93.92,70.00,4.00,4.35
SBGR,2019-05-02 10:00,19.00,18.00,93.92,90.00,3.00,4.97
SBGR,2019-05-02 11:00,20.00,18.00,88.26,50.00,3.00,4.97
SBGR,2019-05-02 12:00,22.00,18.00,78.04,60.00,3.00,4.97
SBGR,2019-05-02 13:00,23.00,18.00,73.44,80.00,4.00,4.97
SBGR,2019-05-02 14:00,25.00,18.00,65.12,60.00,5.00,6.21
SBGR,2019-05-02 15:00,26.00,18.00,61.36,70.00,4.00,6.21
SBGR,2019-05-02 16:00,28.00,18.00,54.55,340.00,5.00,6.21
SBGR,2019-05-02 17:00,27.00,18.00,57.84,330.00,9.00,6.21
SBGR,2019-05-02 18:00,27.00,17.00,54.30,310.00,8.00,6.21
SBGR,2019-05-02 19:00,26.00,18.00,61.36,320.00,6.00,6.21
SBGR,2019-05-02 20:00,25.00,18.00,65.12,320.00,5.00,6.21
SBGR,2019-05-02 21:00,24.00,18.00,69.14,260.00,4.00,6.21
SBGR,2019-05-02 22:00,23.00,18.00,73.44,320.00,2.00,6.21
SBGR,2019-05-02 23:00,21.00,19.00,88.34,0.00,0.00,6.21
SBGR,2019-05-03 00:00,21.00,19.00,88.34,70.00,3.00,6.21
SBGR,2019-05-03 01:00,21.00,19.00,88.34,80.00,2.00,6.21
SBGR,2019-05-03 02:00,20.00,19.00,93.97,80.00,2.00,6.21
SBGR,2019-05-03 03:00,19.00,19.00,100.00,130.00,1.00,6.21
SBGR,2019-05-03 04:00,20.00,19.00,93.97,0.00,0.00,4.97
SBGR,2019-05-03 05:00,20.00,19.00,93.97,100.00,2.00,3.73
SBGR,2019-05-03 06:00,19.00,19.00,100.00,90.00,2.00,4.35
SBGR,2019-05-03 07:00,19.00,19.00,100.00,70.00,4.00,3.73
SBGR,2019-05-03 08:00,19.00,19.00,100.00,70.00,4.00,3.11
SBGR,2019-05-03 09:00,18.00,18.00,100.00,70.00,5.00,4.35
SBGR,2019-05-03 10:00,18.00,18.00,100.00,0.00,0.00,4.35
SBGR,2019-05-03 11:00,20.00,20.00,100.00,60.00,4.00,3.73
SBGR,2019-05-03 12:00,21.00,20.00,94.01,50.00,5.00,4.35
SBGR,2019-05-03 13:00,24.00,19.00,73.61,50.00,6.00,6.21
SBGR,2019-05-03 14:00,26.00,20.00,69.52,80.00,5.00,6.21
SBGR,2019-05-03 15:00,28.00,19.00,58.08,50.00,5.00,6.21
SBGR,2019-05-03 16:00,29.00,19.00,54.80,360.00,4.00,6.21
SBGR,2019-05-03 17:00,28.00,19.00,58.08,360.00,6.00,6.21
SBGR,2019-05-03 18:00,29.00,20.00,58.32,280.00,6.00,6.21
SBGR,2019-05-03 19:00,29.00,20.00,58.32,330.00,4.00,6.21
SBGR,2019-05-03 20:00,28.00,19.00,58.08,280.00,5.00,6.21
SBGR,2019-05-03 21:00,26.00,21.00,73.95,50.00,5.00,6.21
SBGR,2019-05-03 22:00,25.00,21.00,78.48,110.00,5.00,6.21
SBGR,2019-05-03 23:00,24.00,21.00,83.32,110.00,4.00,6.21
SBGR,2019-05-04 00:00,22.00,21.00,94.06,0.00,0.00,6.21
SBGR,2019-05-04 01:00,21.00,21.00,100.00,0.00,0.00,6.21
SBGR,2019-05-04 02:00,21.00,21.00,100.00,0.00,0.00,4.97
SBGR,2019-05-04 03:00,21.00,21.00,100.00,0.00,0.00,3.73
SBGR,2019-05-04 04:00,20.00,20.00,100.00,0.00,0.00,3.73
SBGR,2019-05-04 05:00,20.00,20.00,100.00,90.00,2.00,3.73
SBGR,2019-05-04 06:00,19.00,19.00,100.00,0.00,0.00,4.35
SBGR,2019-05-04 07:00,19.00,19.00,100.00,50.00,3.00,3.11
SBGR,2019-05-04 08:00,18.00,18.00,100.00,0.00,0.00,3.73
SBGR,2019-05-04 09:00,19.00,19.00,100.00,0.00,0.00,6.21
SBGR,2019-05-04 10:00,18.00,18.00,100.00,0.00,0.00,6.21
SBGR,2019-05-04 11:00,21.00,20.00,94.01,50.00,3.00,6.21
SBGR,2019-05-04 12:00,23.00,21.00,88.51,60.00,3.00,4.97
SBGR,2019-05-04 13:00,25.00,20.00,73.78,70.00,3.00,6.21
SBGR,2019-05-04 14:00,27.00,21.00,69.71,80.00,4.00,6.21
SBGR,2019-05-04 15:00,29.00,20.00,58.32,120.00,2.00,6.21
SBGR,2019-05-04 16:00,29.00,19.00,54.80,160.00,3.00,6.21
SBGR,2019-05-04 17:00,29.00,18.00,51.47,130.00,2.00,6.21
SBGR,2019-05-04 18:00,29.00,17.00,48.32,110.00,3.00,6.21
SBGR,2019-05-04 19:00,28.00,17.00,51.21,150.00,5.00,6.21
SBGR,2019-05-04 20:00,27.00,19.00,61.58,120.00,4.00,6.21
SBGR,2019-05-04 21:00,25.00,19.00,69.33,120.00,6.00,6.21
SBGR,2019-05-04 22:00,24.00,18.00,69.14,120.00,4.00,6.21
SBGR,2019-05-04 23:00,22.00,20.00,88.43,70.00,4.00,6.21
SBGR,2019-05-05 00:00,21.00,19.00,88.34,120.00,1.00,6.21
SBGR,2019-05-05 01:00,20.00,19.00,93.97,0.00,0.00,6.21
SBGR,2019-05-05 02:00,19.00,19.00,100.00,0.00,0.00,6.21
SBGR,2019-05-05 03:00,18.00,18.00,100.00,90.00,2.00,5.59
SBGR,2019-05-05 04:00,18.00,18.00,100.00,0.00,0.00,5.59
SBGR,2019-05-05 05:00,18.00,18.00,100.00,0.00,0.00,4.35
SBGR,2019-05-05 06:00,17.00,17.00,100.00,0.00,0.00,5.59
SBGR,2019-05-05 07:00,18.00,18.00,100.00,90.00,2.00,5.59
SBGR,2019-05-05 08:00,17.00,17.00,100.00,0.00,0.00,4.35
SBGR,2019-05-05 09:00,16.00,16.00,100.00,0.00,0.00,5.59
SBGR,2019-05-05 10:00,17.00,17.00,100.00,60.00,2.00,4.97
SBGR,2019-05-05 10:22,18.00,18.00,100.00,0.00,0.00,3.11
SBGR,2019-05-05 11:00,19.00,19.00,100.00,160.00,3.00,2.49
SBGR,2019-05-05 12:00,21.00,21.00,100.00,60.00,8.00,2.49
SBGR,2019-05-05 13:00,22.00,20.00,88.43,40.00,12.00,2.80
SBGR,2019-05-05 14:00,23.00,20.00,83.21,70.00,11.00,5.59
SBGR,2019-05-05 15:00,25.00,20.00,73.78,60.00,7.00,6.21
SBGR,2019-05-05 16:00,27.00,20.00,65.54,60.00,10.00,6.21
SBGR,2019-05-05 17:00,28.00,19.00,58.08,80.00,7.00,6.21
SBGR,2019-05-05 18:00,28.00,19.00,58.08,90.00,6.00,6.21
SBGR,2019-05-05 19:00,28.00,20.00,61.81,40.00,8.00,6.21
SBGR,2019-05-05 20:00,26.00,20.00,69.52,30.00,8.00,6.21
SBGR,2019-05-05 21:00,25.00,21.00,78.48,110.00,7.00,6.21
SBGR,2019-05-05 21:50,22.00,22.00,100.00,150.00,4.00,3.11
SBGR,2019-05-05 22:00,22.00,22.00,100.00,80.00,2.00,3.11
SBGR,2019-05-05 23:00,22.00,22.00,100.00,0.00,0.00,4.35
SBGR,2019-05-06 00:00,21.00,21.00,100.00,300.00,2.00,4.35
SBGR,2019-05-06 01:00,21.00,21.00,100.00,0.00,0.00,4.97
SBGR,2019-05-06 02:00,21.00,21.00,100.00,100.00,2.00,3.73
SBGR,2019-05-06 03:00,20.00,20.00,100.00,0.00,0.00,3.11
SBGR,2019-05-06 04:00,20.00,20.00,100.00,80.00,2.00,3.11
SBGR,2019-05-06 05:00,20.00,20.00,100.00,70.00,3.00,2.49
SBGR,2019-05-06 06:00,19.00,19.00,100.00,0.00,0.00,2.49
SBGR,2019-05-06 07:00,19.00,19.00,100.00,70.00,2.00,2.49
SBGR,2019-05-06 08:00,18.00,18.00,100.00,60.00,4.00,3.11
SBGR,2019-05-06 09:00,19.00,19.00,100.00,70.00,6.00,3.11
SBGR,2019-05-06 10:00,18.00,18.00,100.00,70.00,4.00,3.73
SBGR,2019-05-06 11:00,20.00,20.00,100.00,80.00,3.00,4.35
SBGR,2019-05-06 12:00,23.00,19.00,78.19,70.00,2.00,6.21
SBGR,2019-05-06 13:00,26.00,20.00,69.52,310.00,4.00,6.21
SBGR,2019-05-06 14:00,28.00,19.00,58.08,300.00,6.00,6.21
SBGR,2019-05-06 15:00,28.00,20.00,61.81,280.00,10.00,6.21
SBGR,2019-05-06 16:00,28.00,20.00,61.81,280.00,10.00,6.21
SBGR,2019-05-06 17:00,29.00,20.00,58.32,290.00,12.00,6.21
SBGR,2019-05-06 18:00,28.00,19.00,58.08,290.00,12.00,6.21
SBGR,2019-05-06 19:00,28.00,19.00,58.08,290.00,10.00,6.21
SBGR,2019-05-06 20:00,27.00,19.00,61.58,280.00,9.00,6.21
SBGR,2019-05-06 21:00,24.00,19.00,73.61,250.00,3.00,6.21
SBGR,2019-05-06 22:00,22.00,20.00,88.43,260.00,2.00,6.21
SBGR,2019-05-06 23:00,22.00,20.00,88.43,0.00,0.00,6.21
SBGR,2019-05-07 00:00,21.00,20.00,94.01,0.00,0.00,6.21
SBGR,2019-05-07 01:00,21.00,20.00,94.01,0.00,0.00,6.21
SBGR,2019-05-07 02:00,22.00,21.00,94.06,140.00,3.00,6.21
SBGR,2019-05-07 03:00,22.00,20.00,88.43,80.00,4.00,4.35
SBGR,2019-05-07 03:19,21.00,21.00,100.00,110.00,2.00,4.35
SBGR,2019-05-07 03:38,21.00,21.00,100.00,40.00,2.00,6.21
SBGR,2019-05-07 04:00,20.00,20.00,100.00,70.00,1.00,6.21
SBGR,2019-05-07 05:00,20.00,20.00,100.00,0.00,0.00,6.21
SBGR,2019-05-07 06:00,20.00,20.00,100.00,150.00,5.00,6.21
SBGR,2019-05-07 07:00,20.00,20.00,100.00,160.00,1.00,6.21
SBGR,2019-05-07 08:00,20.00,19.00,93.97,180.00,4.00,6.21
SBGR,2019-05-07 09:00,20.00,19.00,93.97,80.00,2.00,6.21
SBGR,2019-05-07 10:00,20.00,19.00,93.97,50.00,6.00,6.21
SBGR,2019-05-07 11:00,21.00,19.00,88.34,0.00,0.00,6.21
SBGR,2019-05-07 12:00,21.00,19.00,88.34,160.00,2.00,6.21
SBGR,2019-05-07 13:00,22.00,19.00,83.09,130.00,3.00,6.21
SBGR,2019-05-07 14:00,21.00,18.00,82.98,120.00,4.00,6.21
SBGR,2019-05-07 15:00,23.00,19.00,78.19,70.00,3.00,6.21
SBGR,2019-05-07 16:00,23.00,19.00,78.19,190.00,3.00,6.21
SBGR,2019-05-07 17:00,24.00,19.00,73.61,160.00,3.00,6.21
SBGR,2019-05-07 18:00,24.00,19.00,73.61,140.00,4.00,6.21
SBGR,2019-05-07 19:00,24.00,19.00,73.61,170.00,2.00,6.21
SBGR,2019-05-07 20:00,23.00,20.00,83.21,130.00,5.00,6.21
SBGR,2019-05-07 21:00,22.00,20.00,88.43,170.00,6.00,6.21
SBGR,2019-05-07 22:00,21.00,20.00,94.01,180.00,4.00,6.21
SBGR,2019-05-07 23:00,20.00,18.00,88.26,170.00,7.00,4.97
SBGR,2019-05-08 00:00,19.00,18.00,93.92,180.00,6.00,6.21
SBGR,2019-05-08 01:00,19.00,17.00,88.18,150.00,4.00,6.21
SBGR,2019-05-08 02:00,18.00,17.00,93.88,150.00,2.00,6.21
SBGR,2019-05-08 03:00,19.00,17.00,88.18,110.00,4.00,6.21
SBGR,2019-05-08 04:00,18.00,17.00,93.88,110.00,6.00,6.21
SBGR,2019-05-08 05:00,18.00,17.00,93.88,120.00,4.00,6.21
SBGR,2019-05-08 06:00,18.00,18.00,100.00,120.00,3.00,4.35
SBGR,2019-05-08 07:00,18.00,18.00,100.00,100.00,4.00,6.21
SBGR,2019-05-08 08:00,18.00,17.00,93.88,120.00,6.00,6.21
SBGR,2019-05-08 09:00,18.00,17.00,93.88,110.00,4.00,6.21
SBGR,2019-05-08 10:00,18.00,17.00,93.88,110.00,7.00,6.21
SBGR,2019-05-08 11:00,18.00,17.00,93.88,120.00,7.00,6.21
SBGR,2019-05-08 12:00,19.00,17.00,88.18,130.00,6.00,6.21
SBGR,2019-05-08 13:00,20.00,17.00,82.86,110.00,5.00,6.21
SBGR,2019-05-08 14:00,21.00,17.00,77.90,110.00,6.00,6.21
SBGR,2019-05-08 15:00,21.00,18.00,82.98,100.00,7.00,6.21
SBGR,2019-05-08 16:00,22.00,17.00,73.27,120.00,6.00,6.21
SBGR,2019-05-08 17:00,21.00,17.00,77.90,110.00,7.00,6.21
SBGR,2019-05-08 18:00,21.00,17.00,77.90,120.00,8.00,6.21
SBGR,2019-05-08 19:00,20.00,17.00,82.86,140.00,7.00,6.21
SBGR,2019-05-08 20:00,19.00,17.00,88.18,130.00,7.00,6.21
SBGR,2019-05-08 21:00,19.00,17.00,88.18,140.00,6.00,6.21
SBGR,2019-05-08 22:00,19.00,17.00,88.18,130.00,6.00,6.21
SBGR,2019-05-08 23:00,18.00,16.00,88.09,110.00,5.00,6.21
SBGR,2019-05-09 00:00,18.00,16.00,88.09,110.00,7.00,6.21
SBGR,2019-05-09 01:00,18.00,16.00,88.09,100.00,5.00,6.21
SBGR,2019-05-09 02:00,18.00,16.00,88.09,80.00,4.00,6.21
SBGR,2019-05-09 03:00,18.00,16.00,88.09,90.00,5.00,6.21
SBGR,2019-05-09 03:30,18.00,16.00,88.09,90.00,5.00,6.21
SBGR,2019-05-09 04:00,18.00,16.00,88.09,100.00,5.00,6.21
SBGR,2019-05-09 05:00,18.00,16.00,88.09,90.00,5.00,6.21
SBGR,2019-05-09 06:00,17.00,16.00,93.83,90.00,4.00,6.21
SBGR,2019-05-09 06:15,17.00,16.00,93.83,70.00,5.00,6.21
SBGR,2019-05-09 07:00,17.00,17.00,100.00,60.00,4.00,6.21
SBGR,2019-05-09 08:00,17.00,16.00,93.83,50.00,6.00,6.21
SBGR,2019-05-09 08:25,17.00,16.00,93.83,70.00,6.00,6.21
SBGR,2019-05-09 09:00,17.00,16.00,93.83,70.00,6.00,6.21
SBGR,2019-05-09 10:00,17.00,16.00,93.83,70.00,7.00,6.21
SBGR,2019-05-09 11:00,18.00,17.00,93.88,50.00,9.00,6.21
SBGR,2019-05-09 12:00,19.00,16.00,82.74,60.00,13.00,6.21
SBGR,2019-05-09 13:00,19.00,16.00,82.74,60.00,14.00,6.21
SBGR,2019-05-09 14:00,20.00,16.00,77.75,60.00,9.00,6.21
SBGR,2019-05-09 15:00,22.00,17.00,73.27,60.00,8.00,6.21
SBGR,2019-05-09 16:00,22.00,17.00,73.27,80.00,5.00,6.21
SBGR,2019-05-09 17:00,24.00,18.00,69.14,80.00,7.00,6.21
SBGR,2019-05-09 18:00,23.00,18.00,73.44,60.00,8.00,6.21
SBGR,2019-05-09 19:00,22.00,18.00,78.04,120.00,5.00,6.21
SBGR,2019-05-09 20:00,18.00,18.00,100.00,160.00,7.00,6.21
SBGR,2019-05-09 21:00,20.00,18.00,88.26,120.00,6.00,6.21
SBGR,2019-05-09 22:00,19.00,17.00,88.18,150.00,3.00,6.21
SBGR,2019-05-09 23:00,19.00,17.00,88.18,130.00,4.00,6.21
SBGR,2019-05-10 00:00,19.00,17.00,88.18,110.00,5.00,6.21
SBGR,2019-05-10 01:00,18.00,17.00,93.88,70.00,3.00,6.21
SBGR,2019-05-10 02:00,18.00,18.00,100.00,60.00,5.00,6.21
SBGR,2019-05-10 03:00,18.00,18.00,100.00,60.00,7.00,6.21
SBGR,2019-05-10 03:10,18.00,17.00,93.88,60.00,6.00,6.21
SBGR,2019-05-10 04:00,17.00,17.00,100.00,70.00,5.00,6.21
SBGR,2019-05-10 05:00,17.00,17.00,100.00,80.00,2.00,6.21
SBGR,2019-05-10 06:00,17.00,17.00,100.00,70.00,5.00,4.35
SBGR,2019-05-10 06:15,18.00,18.00,100.00,70.00,6.00,4.35
SBGR,2019-05-10 07:00,18.00,18.00,100.00,60.00,11.00,4.35
SBGR,2019-05-10 08:00,18.00,18.00,100.00,50.00,10.00,4.35
SBGR,2019-05-10 09:00,18.00,18.00,100.00,50.00,8.00,4.35
SBGR,2019-05-10 10:00,18.00,18.00,100.00,50.00,7.00,4.35
SBGR,2019-05-10 11:00,18.00,18.00,100.00,50.00,7.00,4.35
SBGR,2019-05-10 12:00,20.00,18.00,88.26,60.00,6.00,6.21
SBGR,2019-05-10 13:00,21.00,18.00,82.98,60.00,5.00,6.21
SBGR,2019-05-10 14:00,22.00,19.00,83.09,50.00,3.00,6.21
SBGR,2019-05-10 15:00,24.00,19.00,73.61,60.00,2.00,6.21
SBGR,2019-05-10 16:00,25.00,20.00,73.78,30.00,3.00,6.21
SBGR,2019-05-10 17:00,26.00,20.00,69.52,0.00,0.00,5.59
SBGR,2019-05-10 18:00,28.00,20.00,61.81,320.00,7.00,6.21
SBGR,2019-05-10 19:00,26.00,19.00,65.33,290.00,7.00,6.21
SBGR,2019-05-10 20:00,25.00,19.00,69.33,320.00,5.00,6.21
SBGR,2019-05-10 21:00,22.00,21.00,94.06,60.00,5.00,6.21
SBGR,2019-05-10 22:00,22.00,21.00,94.06,80.00,4.00,6.21
SBGR,2019-05-10 23:00,21.00,21.00,100.00,70.00,4.00,6.21
SBGR,2019-05-11 00:00,21.00,20.00,94.01,70.00,2.00,6.21
SBGR,2019-05-11 01:00,21.00,20.00,94.01,80.00,3.00,6.21
SBGR,2019-05-11 02:00,21.00,20.00,94.01,60.00,4.00,6.21
SBGR,2019-05-11 03:00,20.00,20.00,100.00,70.00,5.00,6.21
SBGR,2019-05-11 04:00,19.00,19.00,100.00,70.00,6.00,6.21
SBGR,2019-05-11 05:00,19.00,19.00,100.00,80.00,6.00,4.97
SBGR,2019-05-11 05:06,19.00,19.00,100.00,70.00,6.00,2.80
SBGR,2019-05-11 06:00,19.00,19.00,100.00,80.00,5.00,3.73
SBGR,2019-05-11 07:00,18.00,18.00,100.00,60.00,5.00,2.17
SBGR,2019-05-11 08:00,18.00,18.00,100.00,60.00,5.00,0.93
SBGR,2019-05-11 08:30,18.00,18.00,100.00,50.00,5.00,0.56
SBGR,2019-05-11 09:00,18.00,18.00,100.00,40.00,6.00,0.93
SBGR,2019-05-11 09:30,18.00,18.00,100.00,70.00,5.00,0.31
SBGR,2019-05-11 10:00,18.00,18.00,100.00,70.00,5.00,0.56
SBGR,2019-05-11 11:00,18.00,18.00,100.00,70.00,5.00,0.56
SBGR,2019-05-11 11:20,19.00,19.00,100.00,60.00,5.00,3.11
SBGR,2019-05-11 12:00,19.00,19.00,100.00,50.00,6.00,4.97
SBGR,2019-05-11 13:00,22.00,20.00,88.43,70.00,4.00,6.21
SBGR,2019-05-11 14:00,24.00,20.00,78.34,40.00,4.00,6.21
SBGR,2019-05-11 15:00,26.00,20.00,69.52,0.00,2.00,6.21
SBGR,2019-05-11 16:00,27.00,20.00,65.54,310.00,4.00,6.21
SBGR,2019-05-11 17:00,28.00,20.00,61.81,270.00,3.00,6.21
SBGR,2019-05-11 18:00,28.00,20.00,61.81,290.00,4.00,6.21
SBGR,2019-05-11 19:00,27.00,20.00,65.54,290.00,7.00,6.21
SBGR,2019-05-11 20:00,24.00,20.00,78.34,230.00,2.00,6.21
SBGR,2019-05-11 21:00,23.00,21.00,88.51,0.00,0.00,4.97
SBGR,2019-05-11 22:00,23.00,20.00,83.21,130.00,6.00,6.21
SBGR,2019-05-11 23:00,21.00,20.00,94.01,0.00,0.00,6.21
SBGR,2019-05-12 00:00,21.00,21.00,100.00,0.00,0.00,6.21
SBGR,2019-05-12 01:00,20.00,20.00,100.00,0.00,0.00,6.21
SBGR,2019-05-12 02:00,20.00,20.00,100.00,0.00,0.00,6.21
SBGR,2019-05-12 03:00,20.00,20.00,100.00,0.00,0.00,4.97
SBGR,2019-05-12 04:00,20.00,20.00,100.00,0.00,0.00,6.21
SBGR,2019-05-12 05:00,20.00,20.00,100.00,110.00,1.00,6.21
SBGR,2019-05-12 06:00,20.00,20.00,100.00,60.00,5.00,6.21
SBGR,2019-05-12 07:00,20.00,20.00,100.00,90.00,1.00,6.21
SBGR,2019-05-12 08:00,20.00,20.00,100.00,0.00,0.00,6.21
SBGR,2019-05-12 09:00,20.00,20.00,100.00,160.00,2.00,6.21
SBGR,2019-05-12 10:00,19.00,19.00,100.00,0.00,0.00,3.73
SBGR,2019-05-12 11:00,21.00,21.00,100.00,70.00,5.00,4.35
SBGR,2019-05-12 12:00,23.00,21.00,88.51,70.00,6.00,6.21
SBGR,2019-05-12 13:00,24.00,22.00,88.59,50.00,7.00,6.21
SBGR,2019-05-12 14:00,25.00,21.00,78.48,70.00,6.00,6.21
SBGR,2019-05-12 15:00,26.00,22.00,78.62,120.00,2.00,6.21
SBGR,2019-05-12 16:00,28.00,20.00,61.81,300.00,4.00,6.21
SBGR,2019-05-12 17:00,28.00,21.00,65.74,280.00,7.00,6.21
SBGR,2019-05-12 18:00,28.00,21.00,65.74,310.00,6.00,6.21
SBGR,2019-05-12 19:00,24.00,20.00,78.34,180.00,12.00,6.21
SBGR,2019-05-12 20:00,22.00,22.00,100.00,170.00,4.00,3.73
SBGR,2019-05-12 21:00,22.00,22.00,100.00,160.00,5.00,6.21
SBGR,2019-05-12 22:00,21.00,21.00,100.00,180.00,4.00,6.21
SBGR,2019-05-12 23:00,21.00,21.00,100.00,160.00,4.00,6.21
SBGR,2019-05-13 00:00,21.00,21.00,100.00,150.00,5.00,6.21
SBGR,2019-05-13 01:00,21.00,21.00,100.00,160.00,4.00,6.21
SBGR,2019-05-13 02:00,20.00,20.00,100.00,180.00,3.00,6.21
SBGR,2019-05-13 03:00,20.00,20.00,100.00,150.00,2.00,6.21
SBGR,2019-05-13 04:00,20.00,20.00,100.00,110.00,4.00,6.21
SBGR,2019-05-13 05:00,20.00,20.00,100.00,140.00,2.00,6.21
SBGR,2019-05-13 06:00,20.00,20.00,100.00,100.00,2.00,6.21
SBGR,2019-05-13 07:00,20.00,19.00,93.97,100.00,2.00,6.21
SBGR,2019-05-13 08:00,19.00,19.00,100.00,120.00,2.00,6.21
SBGR,2019-05-13 09:00,20.00,20.00,100.00,0.00,0.00,6.21
SBGR,2019-05-13 10:00,19.00,19.00,100.00,0.00,0.00,6.21
SBGR,2019-05-13 11:00,21.00,20.00,94.01,100.00,2.00,6.21
SBGR,2019-05-13 12:00,22.00,20.00,88.43,100.00,2.00,6.21
SBGR,2019-05-13 13:00,23.00,20.00,83.21,50.00,3.00,6.21
SBGR,2019-05-13 14:00,23.00,20.00,83.21,180.00,2.00,6.21
SBGR,2019-05-13 15:00,26.00,19.00,65.33,50.00,6.00,6.21
SBGR,2019-05-13 16:00,26.00,19.00,65.33,260.00,3.00,6.21
SBGR,2019-05-13 17:00,26.00,20.00,69.52,180.00,3.00,6.21
SBGR,2019-05-13 18:00,28.00,19.00,58.08,90.00,3.00,6.21
SBGR,2019-05-13 19:00,25.00,21.00,78.48,140.00,6.00,6.21
SBGR,2019-05-13 20:00,23.00,21.00,88.51,170.00,7.00,6.21
SBGR,2019-05-13 20:20,22.00,20.00,88.43,180.00,6.00,6.21
SBGR,2019-05-13 21:00,22.00,20.00,88.43,170.00,4.00,6.21
SBGR,2019-05-13 22:00,22.00,20.00,88.43,160.00,4.00,6.21
SBGR,2019-05-13 23:00,22.00,20.00,88.43,150.00,5.00,6.21
SBGR,2019-05-14 00:00,22.00,20.00,88.43,130.00,5.00,6.21
SBGR,2019-05-14 01:00,22.00,20.00,88.43,90.00,4.00,6.21
SBGR,2019-05-14 02:00,21.00,20.00,94.01,100.00,3.00,6.21
SBGR,2019-05-14 03:00,21.00,20.00,94.01,60.00,5.00,6.21
SBGR,2019-05-14 04:00,20.00,20.00,100.00,60.00,5.00,6.21
SBGR,2019-05-14 05:00,20.00,20.00,100.00,70.00,5.00,6.21
SBGR,2019-05-14 06:00,20.00,20.00,100.00,60.00,6.00,6.21
SBGR,2019-05-14 07:00,20.00,20.00,100.00,70.00,3.00,6.21
SBGR,2019-05-14 08:00,20.00,20.00,100.00,30.00,3.00,6.21
SBGR,2019-05-14 09:00,20.00,19.00,93.97,40.00,5.00,6.21
SBGR,2019-05-14 10:00,19.00,19.00,100.00,40.00,6.00,6.21
SBGR,2019-05-14 11:00,20.00,20.00,100.00,50.00,4.00,5.59
SBGR,2019-05-14 12:00,25.00,21.00,78.48,140.00,6.00,6.21
SBGR,2019-05-14 13:00,25.00,20.00,73.78,50.00,5.00,6.21
SBGR,2019-05-14 14:00,27.00,20.00,65.54,330.00,7.00,6.21
SBGR,2019-05-14 15:00,28.00,19.00,58.08,310.00,7.00,6.21
SBGR,2019-05-14 16:00,28.00,20.00,61.81,290.00,11.00,6.21
SBGR,2019-05-14 17:00,27.00,20.00,65.54,240.00,9.00,6.21
SBGR,2019-05-14 18:00,28.00,20.00,61.81,280.00,8.00,6.21
SBGR,2019-05-14 19:00,26.00,20.00,69.52,240.00,6.00,6.21
SBGR,2019-05-14 20:00,22.00,21.00,94.06,150.00,10.00,3.73
SBGR,2019-05-14 21:00,20.00,19.00,93.97,170.00,6.00,6.21
SBGR,2019-05-14 22:00,19.00,19.00,100.00,150.00,8.00,6.21
SBGR,2019-05-14 23:00,18.00,18.00,100.00,180.00,5.00,6.21
SBGR,2019-05-15 00:00,18.00,18.00,100.00,0.00,0.00,6.21
SBGR,2019-05-15 01:00,18.00,18.00,100.00,160.00,5.00,3.11
SBGR,2019-05-15 02:00,17.00,17.00,100.00,160.00,3.00,2.49
SBGR,2019-05-15 03:00,17.00,17.00,100.00,160.00,4.00,3.73
SBGR,2019-05-15 04:00,17.00,17.00,100.00,190.00,1.00,6.21
SBGR,2019-05-15 05:00,17.00,17.00,100.00,180.00,1.00,6.21
SBGR,2019-05-15 06:00,17.00,16.00,93.83,220.00,3.00,6.21
SBGR,2019-05-15 07:00,17.00,16.00,93.83,0.00,0.00,6.21
SBGR,2019-05-15 08:00,17.00,16.00,93.83,150.00,2.00,6.21
SBGR,2019-05-15 09:00,17.00,16.00,93.83,190.00,2.00,6.21
SBGR,2019-05-15 10:00,17.00,15.00,88.00,0.00,0.00,6.21
SBGR,2019-05-15 11:00,18.00,16.00,88.09,160.00,2.00,6.21
SBGR,2019-05-15 12:00,18.00,16.00,88.09,210.00,2.00,6.21
SBGR,2019-05-15 13:00,19.00,16.00,82.74,220.00,4.00,6.21
SBGR,2019-05-15 14:00,19.00,16.00,82.74,200.00,4.00,6.21
SBGR,2019-05-15 15:00,20.00,16.00,77.75,210.00,3.00,6.21
SBGR,2019-05-15 16:00,22.00,16.00,68.75,140.00,3.00,6.21
SBGR,2019-05-15 17:00,22.00,15.00,64.48,110.00,4.00,6.21
SBGR,2019-05-15 18:00,23.00,16.00,64.69,80.00,6.00,6.21
SBGR,2019-05-15 19:00,21.00,16.00,73.09,130.00,9.00,6.21
SBGR,2019-05-15 20:00,20.00,17.00,82.86,160.00,9.00,6.21
SBGR,2019-05-15 21:00,19.00,16.00,82.74,160.00,6.00,6.21
SBGR,2019-05-15 22:00,19.00,17.00,88.18,160.00,6.00,6.21
SBGR,2019-05-15 23:00,19.00,17.00,88.18,160.00,6.00,6.21
SBGR,2019-05-15 23:35,17.00,17.00,100.00,150.00,7.00,2.49
SBGR,2019-05-16 00:00,17.00,17.00,100.00,160.00,5.00,6.21
SBGR,2019-05-16 01:00,17.00,17.00,100.00,120.00,3.00,6.21
SBGR,2019-05-16 02:00,18.00,17.00,93.88,110.00,4.00,6.21
SBGR,2019-05-16 03:00,17.00,17.00,100.00,80.00,4.00,6.21
SBGR,2019-05-16 04:00,17.00,17.00,100.00,150.00,3.00,6.21
SBGR,2019-05-16 04:40,17.00,17.00,100.00,120.00,2.00,6.21
SBGR,2019-05-16 05:00,17.00,17.00,100.00,80.00,2.00,6.21
SBGR,2019-05-16 06:00,17.00,17.00,100.00,150.00,3.00,6.21
SBGR,2019-05-16 07:00,17.00,17.00,100.00,110.00,3.00,6.21
SBGR,2019-05-16 08:00,17.00,17.00,100.00,140.00,4.00,6.21
SBGR,2019-05-16 09:00,17.00,17.00,100.00,140.00,3.00,6.21
SBGR,2019-05-16 10:00,17.00,17.00,100.00,130.00,4.00,6.21
SBGR,2019-05-16 11:00,18.00,18.00,100.00,130.00,3.00,4.35
SBGR,2019-05-16 12:00,18.00,18.00,100.00,130.00,3.00,5.59
SBGR,2019-05-16 13:00,20.00,17.00,82.86,110.00,7.00,6.21
SBGR,2019-05-16 14:00,20.00,17.00,82.86,120.00,5.00,6.21
SBGR,2019-05-16 15:00,21.00,18.00,82.98,140.00,6.00,6.21
SBGR,2019-05-16 16:00,21.00,18.00,82.98,150.00,6.00,6.21
SBGR,2019-05-16 17:00,20.00,19.00,93.97,140.00,7.00,5.59
SBGR,2019-05-16 18:00,19.00,18.00,93.92,140.00,7.00,5.59
SBGR,2019-05-16 19:00,19.00,17.00,88.18,140.00,8.00,6.21
SBGR,2019-05-16 20:00,19.00,16.00,82.74,130.00,6.00,6.21
SBGR,2019-05-16 21:00,18.00,17.00,93.88,140.00,6.00,6.21
SBGR,2019-05-16 22:00,18.00,16.00,88.09,140.00,5.00,6.21
SBGR,2019-05-16 23:00,18.00,16.00,88.09,150.00,5.00,6.21
SBGR,2019-05-17 00:00,17.00,17.00,100.00,140.00,6.00,4.97
SBGR,2019-05-17 01:00,17.00,17.00,100.00,140.00,6.00,6.21
SBGR,2019-05-17 02:00,17.00,17.00,100.00,120.00,5.00,4.97
SBGR,2019-05-17 02:40,17.00,17.00,100.00,140.00,3.00,6.21
SBGR,2019-05-17 03:00,17.00,17.00,100.00,130.00,3.00,6.21
SBGR,2019-05-17 04:00,17.00,17.00,100.00,120.00,3.00,6.21
SBGR,2019-05-17 05:00,17.00,17.00,100.00,110.00,5.00,6.21
SBGR,2019-05-17 06:00,17.00,17.00,100.00,100.00,4.00,6.21
SBGR,2019-05-17 07:00,17.00,17.00,100.00,100.00,5.00,6.21
SBGR,2019-05-17 08:00,17.00,17.00,100.00,80.00,5.00,6.21
SBGR,2019-05-17 09:00,17.00,17.00,100.00,90.00,4.00,6.21
SBGR,2019-05-17 10:00,17.00,17.00,100.00,100.00,2.00,6.21
SBGR,2019-05-17 10:40,17.00,17.00,100.00,90.00,4.00,2.80
SBGR,2019-05-17 11:00,17.00,17.00,100.00,110.00,6.00,2.17
SBGR,2019-05-17 11:13,17.00,17.00,100.00,100.00,6.00,4.35
SBGR,2019-05-17 11:35,17.00,17.00,100.00,80.00,5.00,3.73
SBGR,2019-05-17 12:00,17.00,17.00,100.00,80.00,4.00,2.49
SBGR,2019-05-17 12:25,17.00,17.00,100.00,90.00,6.00,3.11
SBGR,2019-05-17 13:00,18.00,18.00,100.00,90.00,6.00,3.73
SBGR,2019-05-17 14:00,19.00,17.00,88.18,80.00,9.00,6.21
SBGR,2019-05-17 15:00,20.00,17.00,82.86,90.00,10.00,6.21
SBGR,2019-05-17 16:00,20.00,16.00,77.75,60.00,13.00,6.21
SBGR,2019-05-17 17:00,19.00,15.00,77.60,100.00,7.00,6.21
SBGR,2019-05-17 18:00,19.00,16.00,82.74,110.00,5.00,6.21
SBGR,2019-05-17 19:00,19.00,16.00,82.74,100.00,5.00,6.21
SBGR,2019-05-17 20:00,18.00,17.00,93.88,140.00,4.00,6.21
SBGR,2019-05-17 21:00,18.00,17.00,93.88,140.00,4.00,6.21
SBGR,2019-05-17 22:00,18.00,17.00,93.88,140.00,4.00,6.21
SBGR,2019-05-17 23:00,18.00,17.00,93.88,140.00,3.00,6.21
SBGR,2019-05-18 00:00,17.00,17.00,100.00,0.00,0.00,6.21
SBGR,2019-05-18 01:00,17.00,17.00,100.00,130.00,3.00,6.21
SBGR,2019-05-18 02:00,17.00,17.00,100.00,120.00,3.00,6.21
SBGR,2019-05-18 03:00,17.00,17.00,100.00,120.00,3.00,6.21
SBGR,2019-05-18 04:00,17.00,17.00,100.00,110.00,2.00,4.97
SBGR,2019-05-18 05:00,17.00,17.00,100.00,60.00,3.00,4.97
SBGR,2019-05-18 06:00,16.00,16.00,100.00,70.00,4.00,4.97
SBGR,2019-05-18 07:00,16.00,16.00,100.00,80.00,3.00,4.97
SBGR,2019-05-18 08:00,16.00,16.00,100.00,90.00,3.00,4.97
SBGR,2019-05-18 09:00,16.00,16.00,100.00,90.00,3.00,4.35
SBGR,2019-05-18 10:00,17.00,17.00,100.00,80.00,2.00,2.49
SBGR,2019-05-18 11:00,17.00,17.00,100.00,0.00,0.00,4.35
SBGR,2019-05-18 11:33,17.00,17.00,100.00,110.00,2.00,6.21
SBGR,2019-05-18 12:00,17.00,17.00,100.00,90.00,2.00,6.21
SBGR,2019-05-18 13:00,17.00,17.00,100.00,90.00,4.00,2.80
SBGR,2019-05-18 13:20,17.00,17.00,100.00,110.00,4.00,5.59
SBGR,2019-05-18 14:00,18.00,18.00,100.00,160.00,3.00,6.21
SBGR,2019-05-18 15:00,19.00,18.00,93.92,140.00,3.00,6.21
SBGR,2019-05-18 16:00,19.00,17.00,88.18,80.00,5.00,6.21
SBGR,2019-05-18 17:00,19.00,18.00,93.92,90.00,6.00,6.21
SBGR,2019-05-18 18:00,18.00,17.00,93.88,170.00,4.00,6.21
SBGR,2019-05-18 19:00,19.00,18.00,93.92,0.00,0.00,6.21
SBGR,2019-05-18 20:00,19.00,18.00,93.92,0.00,0.00,4.97
SBGR,2019-05-18 21:00,18.00,18.00,100.00,0.00,0.00,6.21
SBGR,2019-05-18 22:00,17.00,17.00,100.00,90.00,2.00,6.21
SBGR,2019-05-18 23:00,17.00,17.00,100.00,0.00,0.00,6.21
SBGR,2019-05-19 00:00,16.00,16.00,100.00,0.00,0.00,6.21
SBGR,2019-05-19 01:00,16.00,16.00,100.00,70.00,2.00,5.59
SBGR,2019-05-19 01:05,16.00,16.00,100.00,80.00,2.00,3.73
SBGR,2019-05-19 02:00,16.00,16.00,100.00,0.00,0.00,0.31
SBGR,2019-05-19 02:30,16.00,16.00,100.00,80.00,3.00,0.19
SBGR,2019-05-19 03:00,16.00,16.00,100.00,110.00,4.00,0.25
SBGR,2019-05-19 03:25,16.00,16.00,100.00,80.00,3.00,2.49
SBGR,2019-05-19 04:00,16.00,16.00,100.00,70.00,7.00,3.73
SBGR,2019-05-19 05:00,16.00,16.00,100.00,50.00,8.00,6.21
SBGR,2019-05-19 06:00,16.00,16.00,100.00,70.00,7.00,6.21
SBGR,2019-05-19 07:00,16.00,16.00,100.00,60.00,7.00,6.21
SBGR,2019-05-19 08:00,17.00,17.00,100.00,40.00,7.00,6.21
SBGR,2019-05-19 09:00,17.00,17.00,100.00,60.00,6.00,6.21
SBGR,2019-05-19 10:00,17.00,17.00,100.00,60.00,5.00,6.21
SBGR,2019-05-19 11:00,17.00,17.00,100.00,50.00,7.00,6.21
SBGR,2019-05-19 12:00,18.00,17.00,93.88,60.00,6.00,6.21
SBGR,2019-05-19 13:00,20.00,17.00,82.86,80.00,6.00,6.21
SBGR,2019-05-19 14:00,21.00,18.00,82.98,60.00,4.00,6.21
SBGR,2019-05-19 15:00,22.00,18.00,78.04,60.00,4.00,6.21
SBGR,2019-05-19 16:00,23.00,18.00,73.44,130.00,5.00,6.21
SBGR,2019-05-19 17:00,22.00,18.00,78.04,190.00,1.00,6.21
SBGR,2019-05-19 18:00,21.00,19.00,88.34,300.00,9.00,6.21
SBGR,2019-05-19 19:00,19.00,19.00,100.00,280.00,4.00,4.35
SBGR,2019-05-19 20:00,19.00,19.00,100.00,170.00,5.00,6.21
SBGR,2019-05-19 21:00,18.00,18.00,100.00,0.00,0.00,6.21
SBGR,2019-05-19 21:16,18.00,18.00,100.00,110.00,3.00,6.21
SBGR,2019-05-19 22:00,18.00,18.00,100.00,120.00,5.00,6.21
SBGR,2019-05-19 23:00,18.00,18.00,100.00,120.00,4.00,6.21
SBGR,2019-05-20 00:00,18.00,18.00,100.00,150.00,2.00,6.21
SBGR,2019-05-20 01:00,18.00,18.00,100.00,180.00,3.00,6.21
SBGR,2019-05-20 02:00,17.00,17.00,100.00,240.00,2.00,6.21
SBGR,2019-05-20 03:00,16.00,16.00,100.00,0.00,0.00,6.21
SBGR,2019-05-20 04:00,15.00,15.00,100.00,0.00,0.00,4.35
SBGR,2019-05-20 05:00,16.00,16.00,100.00,0.00,0.00,3.73
SBGR,2019-05-20 05:35,16.00,16.00,100.00,60.00,3.00,0.56
SBGR,2019-05-20 06:00,16.00,16.00,100.00,0.00,0.00,0.50
SBGR,2019-05-20 07:00,16.00,16.00,100.00,0.00,0.00,0.19
SBGR,2019-05-20 08:00,16.00,16.00,100.00,120.00,3.00,0.19
SBGR,2019-05-20 09:00,16.00,16.00,100.00,30.00,3.00,0.37
SBGR,2019-05-20 10:00,15.00,15.00,100.00,80.00,2.00,0.50
SBGR,2019-05-20 10:20,15.00,15.00,100.00,40.00,2.00,0.62
SBGR,2019-05-20 11:00,15.00,15.00,100.00,40.00,5.00,1.86
SBGR,2019-05-20 12:00,16.00,16.00,100.00,80.00,2.00,3.11
SBGR,2019-05-20 13:00,18.00,17.00,93.88,0.00,0.00,5.59
SBGR,2019-05-20 13:40,20.00,18.00,88.26,280.00,3.00,6.21
SBGR,2019-05-20 14:00,21.00,18.00,82.98,350.00,2.00,6.21
SBGR,2019-05-20 15:00,23.00,17.00,68.94,310.00,9.00,6.21
SBGR,2019-05-20 16:00,24.00,16.00,60.90,320.00,7.00,6.21
SBGR,2019-05-20 17:00,24.00,15.00,57.12,290.00,7.00,6.21
SBGR,2019-05-20 18:00,23.00,15.00,60.67,280.00,8.00,6.21
SBGR,2019-05-20 19:00,24.00,14.00,53.55,300.00,7.00,6.21
SBGR,2019-05-20 20:00,23.00,14.00,56.88,300.00,6.00,6.21
SBGR,2019-05-20 21:00,20.00,15.00,72.92,300.00,4.00,6.21
SBGR,2019-05-20 22:00,19.00,17.00,88.18,130.00,4.00,6.21
SBGR,2019-05-20 23:00,18.00,18.00,100.00,0.00,0.00,4.97
SBGR,2019-05-20 23:20,17.00,17.00,100.00,0.00,0.00,2.80
SBGR,2019-05-21 00:00,16.00,16.00,100.00,120.00,2.00,4.97
SBGR,2019-05-21 00:40,16.00,16.00,100.00,130.00,2.00,3.73
SBGR,2019-05-21 01:00,16.00,16.00,100.00,130.00,2.00,2.49
SBGR,2019-05-21 02:00,18.00,17.00,93.88,90.00,3.00,1.86
SBGR,2019-05-21 03:00,17.00,17.00,100.00,90.00,3.00,1.86
SBGR,2019-05-21 04:00,16.00,16.00,100.00,0.00,0.00,1.86
SBGR,2019-05-21 05:00,17.00,17.00,100.00,30.00,2.00,1.86
SBGR,2019-05-21 05:20,16.00,16.00,100.00,40.00,3.00,1.86
SBGR,2019-05-21 06:00,16.00,16.00,100.00,30.00,2.00,0.56
SBGR,2019-05-21 07:00,16.00,16.00,100.00,60.00,4.00,0.31
SBGR,2019-05-21 08:00,15.00,15.00,100.00,50.00,7.00,0.56
SBGR,2019-05-21 09:00,15.00,15.00,100.00,70.00,5.00,0.56
SBGR,2019-05-21 10:00,15.00,15.00,100.00,30.00,5.00,0.56
SBGR,2019-05-21 10:35,15.00,15.00,100.00,50.00,6.00,1.86
SBGR,2019-05-21 11:00,15.00,15.00,100.00,70.00,6.00,1.86
SBGR,2019-05-21 12:00,16.00,16.00,100.00,40.00,5.00,3.11
SBGR,2019-05-21 12:35,18.00,16.00,88.09,60.00,5.00,4.97
SBGR,2019-05-21 13:00,18.00,17.00,93.88,70.00,6.00,5.59
SBGR,2019-05-21 14:00,20.00,17.00,82.86,80.00,4.00,6.21
SBGR,2019-05-21 15:00,23.00,16.00,64.69,0.00,0.00,6.21
SBGR,2019-05-21 16:00,25.00,14.00,50.43,310.00,10.00,6.21
SBGR,2019-05-21 17:00,25.00,14.00,50.43,290.00,9.00,6.21
SBGR,2019-05-21 18:00,26.00,14.00,47.52,290.00,10.00,6.21
SBGR,2019-05-21 19:00,25.00,13.00,47.25,310.00,8.00,6.21
SBGR,2019-05-21 20:00,23.00,13.00,53.29,290.00,6.00,6.21
SBGR,2019-05-21 21:00,19.00,15.00,77.60,250.00,2.00,6.21
SBGR,2019-05-21 22:00,18.00,15.00,82.62,320.00,2.00,6.21
SBGR,2019-05-21 23:00,16.00,15.00,93.79,0.00,0.00,6.21
SBGR,2019-05-22 00:00,16.00,15.00,93.79,0.00,0.00,6.21
SBGR,2019-05-22 01:00,16.00,15.00,93.79,0.00,0.00,6.21
SBGR,2019-05-22 02:00,15.00,14.00,93.74,0.00,0.00,6.21
SBGR,2019-05-22 03:00,14.00,14.00,100.00,70.00,2.00,6.21
SBGR,2019-05-22 04:00,13.00,13.00,100.00,0.00,0.00,6.21
SBGR,2019-05-22 05:00,13.00,13.00,100.00,0.00,0.00,6.21
SBGR,2019-05-22 06:00,13.00,13.00,100.00,0.00,0.00,6.21
SBGR,2019-05-22 07:00,12.00,12.00,100.00,0.00,0.00,5.59
SBGR,2019-05-22 08:00,12.00,12.00,100.00,0.00,0.00,4.97
SBGR,2019-05-22 09:00,12.00,12.00,100.00,0.00,0.00,6.21
SBGR,2019-05-22 10:00,12.00,12.00,100.00,80.00,1.00,4.97
SBGR,2019-05-22 11:00,15.00,15.00,100.00,0.00,0.00,3.73
SBGR,2019-05-22 12:00,19.00,15.00,77.60,0.00,0.00,5.59
SBGR,2019-05-22 13:00,22.00,14.00,60.44,330.00,3.00,6.21
SBGR,2019-05-22 14:00,24.00,14.00,53.55,320.00,5.00,6.21
SBGR,2019-05-22 15:00,24.00,15.00,57.12,320.00,5.00,6.21
SBGR,2019-05-22 16:00,25.00,14.00,50.43,350.00,6.00,6.21
SBGR,2019-05-22 17:00,26.00,14.00,47.52,330.00,6.00,6.21
SBGR,2019-05-22 18:00,26.00,15.00,50.69,280.00,6.00,6.21
SBGR,2019-05-22 19:00,25.00,15.00,53.80,300.00,6.00,6.21
SBGR,2019-05-22 20:00,24.00,15.00,57.12,320.00,6.00,6.21
SBGR,2019-05-22 21:00,22.00,15.00,64.48,320.00,4.00,6.21
SBGR,2019-05-22 22:00,18.00,16.00,88.09,270.00,1.00,6.21
SBGR,2019-05-22 23:00,17.00,15.00,88.00,0.00,0.00,6.21
SBGR,2019-05-23 00:00,16.00,15.00,93.79,0.00,0.00,6.21
SBGR,2019-05-23 01:00,15.00,15.00,100.00,0.00,0.00,6.21
SBGR,2019-05-23 02:00,15.00,15.00,100.00,80.00,1.00,6.21
SBGR,2019-05-23 03:00,16.00,14.00,87.92,80.00,3.00,6.21
SBGR,2019-05-23 04:00,14.00,14.00,100.00,0.00,0.00,6.21
SBGR,2019-05-23 05:00,15.00,14.00,93.74,80.00,2.00,6.21
SBGR,2019-05-23 06:00,13.00,13.00,100.00,0.00,0.00,6.21
SBGR,2019-05-23 07:00,14.00,14.00,100.00,60.00,5.00,6.21
SBGR,2019-05-23 08:00,13.00,13.00,100.00,0.00,0.00,6.21
SBGR,2019-05-23 09:00,13.00,13.00,100.00,150.00,1.00,6.21
SBGR,2019-05-23 10:00,13.00,13.00,100.00,60.00,4.00,5.59
SBGR,2019-05-23 11:00,16.00,15.00,93.79,70.00,3.00,5.59
SBGR,2019-05-23 12:00,18.00,15.00,82.62,60.00,4.00,4.97
SBGR,2019-05-23 13:00,21.00,14.00,64.26,0.00,0.00,5.59
SBGR,2019-05-23 14:00,25.00,15.00,53.80,350.00,3.00,6.21
SBGR,2019-05-23 15:00,26.00,14.00,47.52,290.00,7.00,6.21
SBGR,2019-05-23 16:00,26.00,13.00,44.52,260.00,9.00,6.21
SBGR,2019-05-23 17:00,27.00,14.00,44.80,270.00,5.00,6.21
SBGR,2019-05-23 18:00,26.00,13.00,44.52,310.00,6.00,6.21
SBGR,2019-05-23 19:00,26.00,12.00,41.69,280.00,5.00,6.21
SBGR,2019-05-23 20:00,22.00,17.00,73.27,230.00,1.00,6.21
SBGR,2019-05-23 21:00,20.00,16.00,77.75,0.00,0.00,6.21
SBGR,2019-05-23 22:00,19.00,16.00,82.74,160.00,1.00,6.21
SBGR,2019-05-23 23:00,20.00,15.00,72.92,0.00,0.00,4.97
SBGR,2019-05-24 00:00,20.00,17.00,82.86,80.00,3.00,6.21
SBGR,2019-05-24 01:00,19.00,17.00,88.18,160.00,2.00,4.97
SBGR,2019-05-24 01:25,18.00,17.00,93.88,110.00,3.00,4.97
SBGR,2019-05-24 02:00,18.00,17.00,93.88,120.00,2.00,4.97
SBGR,2019-05-24 02:30,18.00,17.00,93.88,110.00,2.00,4.97
SBGR,2019-05-24 03:00,17.00,17.00,100.00,0.00,0.00,4.35
SBGR,2019-05-24 04:00,17.00,17.00,100.00,110.00,2.00,4.97
SBGR,2019-05-24 05:00,17.00,17.00,100.00,60.00,3.00,4.35
SBGR,2019-05-24 06:00,16.00,16.00,100.00,70.00,5.00,2.80
SBGR,2019-05-24 07:00,16.00,16.00,100.00,70.00,6.00,3.11
SBGR,2019-05-24 08:00,16.00,16.00,100.00,70.00,7.00,4.35
SBGR,2019-05-24 09:00,16.00,16.00,100.00,80.00,7.00,5.59
SBGR,2019-05-24 10:00,17.00,17.00,100.00,70.00,4.00,4.97
SBGR,2019-05-24 11:00,17.00,17.00,100.00,210.00,2.00,4.97
SBGR,2019-05-24 12:00,18.00,17.00,93.88,0.00,0.00,2.49
SBGR,2019-05-24 13:00,18.00,17.00,93.88,0.00,0.00,2.49
SBGR,2019-05-24 14:00,19.00,18.00,93.92,50.00,9.00,3.11
SBGR,2019-05-24 15:00,19.00,17.00,88.18,10.00,7.00,4.97
SBGR,2019-05-24 16:00,22.00,17.00,73.27,350.00,6.00,6.21
SBGR,2019-05-24 17:00,23.00,16.00,64.69,350.00,6.00,6.21
SBGR,2019-05-24 18:00,22.00,16.00,68.75,330.00,11.00,6.21
SBGR,2019-05-24 19:00,22.00,17.00,73.27,310.00,9.00,5.59
SBGR,2019-05-24 20:00,20.00,18.00,88.26,300.00,6.00,6.21
SBGR,2019-05-24 21:00,20.00,18.00,88.26,290.00,8.00,6.21
SBGR,2019-05-24 22:00,19.00,17.00,88.18,290.00,12.00,6.21
SBGR,2019-05-24 23:00,19.00,16.00,82.74,280.00,11.00,6.21
SBGR,2019-05-25 00:00,18.00,15.00,82.62,280.00,14.00,6.21
SBGR,2019-05-25 01:00,17.00,13.00,77.29,280.00,11.00,6.21
SBGR,2019-05-25 02:00,15.00,13.00,87.83,250.00,7.00,6.21
SBGR,2019-05-25 03:00,14.00,11.00,82.12,260.00,8.00,6.21
SBGR,2019-05-25 04:00,14.00,10.00,76.82,290.00,10.00,6.21
SBGR,2019-05-25 05:00,14.00,10.00,76.82,300.00,12.00,6.21
SBGR,2019-05-25 06:00,14.00,11.00,82.12,280.00,8.00,6.21
SBGR,2019-05-25 07:00,13.00,10.00,81.99,290.00,12.00,6.21
SBGR,2019-05-25 08:00,13.00,9.00,76.66,280.00,9.00,6.21
SBGR,2019-05-25 09:00,12.00,9.00,81.87,280.00,8.00,6.21
SBGR,2019-05-25 10:00,11.00,9.00,87.47,270.00,3.00,6.21
SBGR,2019-05-25 11:00,13.00,9.00,76.66,290.00,10.00,6.21
SBGR,2019-05-25 12:00,14.00,9.00,71.83,310.00,11.00,6.21
SBGR,2019-05-25 13:00,15.00,10.00,72.01,280.00,11.00,6.21
SBGR,2019-05-25 14:00,17.00,10.00,63.38,290.00,10.00,6.21
SBGR,2019-05-25 15:00,19.00,11.00,59.74,290.00,9.00,6.21
SBGR,2019-05-25 16:00,19.00,11.00,59.74,250.00,8.00,6.21
SBGR,2019-05-25 17:00,18.00,11.00,63.60,240.00,8.00,6.21
SBGR,2019-05-25 18:00,19.00,11.00,59.74,250.00,8.00,6.21
SBGR,2019-05-25 19:00,19.00,11.00,59.74,260.00,5.00,6.21
SBGR,2019-05-25 20:00,18.00,12.00,67.95,200.00,4.00,6.21
SBGR,2019-05-25 21:00,17.00,12.00,72.38,180.00,4.00,6.21
SBGR,2019-05-25 22:00,16.00,12.00,77.14,160.00,4.00,6.21
SBGR,2019-05-25 23:00,16.00,12.00,77.14,170.00,4.00,6.21
SBGR,2019-05-26 00:00,16.00,13.00,82.37,160.00,4.00,6.21
SBGR,2019-05-26 01:00,16.00,13.00,82.37,160.00,3.00,6.21
SBGR,2019-05-26 02:00,15.00,13.00,87.83,190.00,4.00,6.21
SBGR,2019-05-26 03:00,14.00,13.00,93.69,150.00,2.00,6.21
SBGR,2019-05-26 04:00,13.00,12.00,93.65,90.00,2.00,6.21
SBGR,2019-05-26 05:00,13.00,13.00,100.00,0.00,0.00,6.21
SBGR,2019-05-26 06:00,14.00,13.00,93.69,60.00,3.00,6.21
SBGR,2019-05-26 07:00,14.00,13.00,93.69,70.00,3.00,6.21
SBGR,2019-05-26 08:00,14.00,13.00,93.69,70.00,4.00,6.21
SBGR,2019-05-26 09:00,14.00,13.00,93.69,70.00,3.00,6.21
SBGR,2019-05-26 10:00,14.00,14.00,100.00,0.00,0.00,4.97
SBGR,2019-05-26 11:00,15.00,14.00,93.74,50.00,3.00,5.59
SBGR,2019-05-26 12:00,17.00,14.00,82.50,70.00,2.00,5.59
SBGR,2019-05-26 13:00,19.00,14.00,72.74,100.00,5.00,6.21
SBGR,2019-05-26 14:00,20.00,13.00,64.04,60.00,8.00,6.21
SBGR,2019-05-26 15:00,21.00,14.00,64.26,50.00,8.00,6.21
SBGR,2019-05-26 16:00,22.00,13.00,56.63,50.00,6.00,6.21
SBGR,2019-05-26 17:00,22.00,14.00,60.44,80.00,5.00,6.21
SBGR,2019-05-26 18:00,23.00,13.00,53.29,10.00,4.00,6.21
SBGR,2019-05-26 19:00,23.00,14.00,56.88,10.00,4.00,6.21
SBGR,2019-05-26 20:00,22.00,14.00,60.44,50.00,4.00,6.21
SBGR,2019-05-26 21:00,19.00,16.00,82.74,130.00,7.00,6.21
SBGR,2019-05-26 22:00,17.00,16.00,93.83,0.00,0.00,6.21
SBGR,2019-05-26 22:41,17.00,16.00,93.83,110.00,3.00,6.21
SBGR,2019-05-26 23:00,16.00,16.00,100.00,120.00,3.00,6.21
SBGR,2019-05-27 00:00,16.00,15.00,93.79,130.00,2.00,6.21
SBGR,2019-05-27 01:00,15.00,15.00,100.00,140.00,2.00,6.21
SBGR,2019-05-27 01:41,14.00,14.00,100.00,0.00,0.00,5.59
SBGR,2019-05-27 02:00,15.00,15.00,100.00,110.00,2.00,4.97
SBGR,2019-05-27 03:00,15.00,15.00,100.00,70.00,4.00,5.59
SBGR,2019-05-27 04:00,15.00,15.00,100.00,70.00,5.00,5.59
SBGR,2019-05-27 05:00,15.00,15.00,100.00,50.00,4.00,5.59
SBGR,2019-05-27 06:00,15.00,15.00,100.00,60.00,6.00,4.97
SBGR,2019-05-27 07:00,15.00,15.00,100.00,50.00,5.00,6.21
SBGR,2019-05-27 08:00,15.00,14.00,93.74,40.00,6.00,6.21
SBGR,2019-05-27 09:00,13.00,13.00,100.00,350.00,4.00,6.21
SBGR,2019-05-27 10:00,12.00,12.00,100.00,0.00,0.00,6.21
SBGR,2019-05-27 11:00,13.00,13.00,100.00,0.00,0.00,6.21
SBGR,2019-05-27 12:00,16.00,14.00,87.92,50.00,4.00,6.21
SBGR,2019-05-27 13:00,18.00,13.00,72.56,50.00,6.00,6.21
SBGR,2019-05-27 14:00,21.00,14.00,64.26,50.00,4.00,6.21
SBGR,2019-05-27 15:00,23.00,12.00,49.90,350.00,7.00,6.21
SBGR,2019-05-27 16:00,25.00,11.00,41.42,360.00,4.00,6.21
SBGR,2019-05-27 17:00,26.00,10.00,36.51,340.00,3.00,6.21
SBGR,2019-05-27 18:00,27.00,11.00,36.79,310.00,3.00,6.21
SBGR,2019-05-27 19:00,26.00,11.00,39.02,280.00,7.00,6.21
SBGR,2019-05-27 20:00,25.00,11.00,41.42,290.00,4.00,6.21
SBGR,2019-05-27 21:00,19.00,13.00,68.15,90.00,1.00,6.21
SBGR,2019-05-27 22:00,18.00,15.00,82.62,70.00,5.00,6.21
SBGR,2019-05-27 23:00,18.00,15.00,82.62,70.00,5.00,6.21
SBGR,2019-05-28 00:00,17.00,15.00,88.00,70.00,4.00,6.21
SBGR,2019-05-28 01:00,16.00,14.00,87.92,70.00,5.00,6.21
SBGR,2019-05-28 02:00,16.00,15.00,93.79,80.00,4.00,6.21
SBGR,2019-05-28 03:00,16.00,15.00,93.79,50.00,3.00,6.21
SBGR,2019-05-28 04:00,15.00,15.00,100.00,60.00,4.00,6.21
SBGR,2019-05-28 05:00,14.00,14.00,100.00,60.00,5.00,6.21
SBGR,2019-05-28 06:00,15.00,14.00,93.74,70.00,5.00,6.21
SBGR,2019-05-28 07:00,15.00,13.00,87.83,80.00,8.00,6.21
SBGR,2019-05-28 08:00,13.00,13.00,100.00,70.00,8.00,6.21
SBGR,2019-05-28 09:00,14.00,12.00,87.74,90.00,8.00,6.21
SBGR,2019-05-28 10:00,13.00,12.00,93.65,40.00,4.00,6.21
SBGR,2019-05-28 11:00,15.00,13.00,87.83,30.00,3.00,6.21
SBGR,2019-05-28 12:00,18.00,14.00,77.45,150.00,1.00,6.21
SBGR,2019-05-28 13:00,23.00,13.00,53.29,40.00,2.00,6.21
SBGR,2019-05-28 14:00,26.00,14.00,47.52,320.00,9.00,6.21
SBGR,2019-05-28 15:00,26.00,15.00,50.69,320.00,11.00,6.21
SBGR,2019-05-28 16:00,27.00,16.00,50.95,310.00,9.00,6.21
SBGR,2019-05-28 17:00,28.00,16.00,48.05,310.00,11.00,6.21
SBGR,2019-05-28 18:00,28.00,16.00,48.05,290.00,8.00,6.21
SBGR,2019-05-28 19:00,27.00,17.00,54.30,300.00,6.00,6.21
SBGR,2019-05-28 20:00,26.00,16.00,54.05,320.00,3.00,6.21
SBGR,2019-05-28 21:00,21.00,16.00,73.09,130.00,2.00,6.21
SBGR,2019-05-28 22:00,20.00,15.00,72.92,100.00,3.00,6.21
SBGR,2019-05-28 23:00,18.00,16.00,88.09,0.00,0.00,6.21
SBGR,2019-05-29 00:00,17.00,16.00,93.83,0.00,0.00,6.21
SBGR,2019-05-29 01:00,17.00,15.00,88.00,80.00,1.00,6.21
SBGR,2019-05-29 02:00,19.00,16.00,82.74,200.00,3.00,6.21
SBGR,2019-05-29 03:00,19.00,16.00,82.74,60.00,2.00,6.21
SBGR,2019-05-29 04:00,19.00,17.00,88.18,240.00,6.00,3.73
SBGR,2019-05-29 04:05,17.00,17.00,100.00,220.00,3.00,2.49
SBGR,2019-05-29 04:35,17.00,17.00,100.00,30.00,2.00,3.73
SBGR,2019-05-29 05:00,17.00,17.00,100.00,30.00,7.00,4.97
SBGR,2019-05-29 06:00,17.00,17.00,100.00,140.00,2.00,4.97
SBGR,2019-05-29 07:00,17.00,17.00,100.00,140.00,3.00,6.21
SBGR,2019-05-29 07:38,17.00,17.00,100.00,20.00,3.00,3.11
SBGR,2019-05-29 08:00,17.00,17.00,100.00,60.00,2.00,2.49
SBGR,2019-05-29 08:37,17.00,17.00,100.00,50.00,10.00,4.35
SBGR,2019-05-29 09:00,17.00,17.00,100.00,60.00,7.00,4.97
SBGR,2019-05-29 10:00,17.00,17.00,100.00,40.00,7.00,6.21
SBGR,2019-05-29 11:00,18.00,18.00,100.00,90.00,3.00,6.21
SBGR,2019-05-29 12:00,20.00,18.00,88.26,110.00,2.00,5.59
SBGR,2019-05-29 13:00,20.00,18.00,88.26,170.00,2.00,5.59
SBGR,2019-05-29 14:00,23.00,18.00,73.44,280.00,2.00,6.21
SBGR,2019-05-29 15:00,25.00,18.00,65.12,290.00,4.00,6.21
SBGR,2019-05-29 16:00,25.00,18.00,65.12,270.00,8.00,6.21
SBGR,2019-05-29 17:00,26.00,18.00,61.36,290.00,6.00,6.21
SBGR,2019-05-29 18:00,27.00,19.00,61.58,290.00,6.00,6.21
SBGR,2019-05-29 19:00,27.00,19.00,61.58,300.00,6.00,4.97
SBGR,2019-05-29 19:25,23.00,20.00,83.21,170.00,6.00,2.80
SBGR,2019-05-29 20:00,21.00,19.00,88.34,160.00,7.00,2.49
SBGR,2019-05-29 20:20,20.00,19.00,93.97,140.00,5.00,2.17
SBGR,2019-05-29 21:00,20.00,19.00,93.97,140.00,4.00,3.11
SBGR,2019-05-29 22:00,19.00,19.00,100.00,150.00,5.00,4.35
SBGR,2019-05-29 23:00,19.00,19.00,100.00,160.00,4.00,5.59
SBGR,2019-05-30 00:00,19.00,19.00,100.00,160.00,3.00,6.21
SBGR,2019-05-30 01:00,19.00,19.00,100.00,110.00,4.00,6.21
SBGR,2019-05-30 02:00,19.00,19.00,100.00,90.00,4.00,5.59
SBGR,2019-05-30 03:00,19.00,19.00,100.00,90.00,4.00,5.59
SBGR,2019-05-30 03:18,19.00,19.00,100.00,70.00,4.00,5.59
SBGR,2019-05-30 04:00,19.00,19.00,100.00,70.00,5.00,4.97
SBGR,2019-05-30 04:27,19.00,19.00,100.00,60.00,4.00,4.97
SBGR,2019-05-30 05:00,19.00,19.00,100.00,70.00,4.00,5.59
SBGR,2019-05-30 05:15,19.00,19.00,100.00,60.00,5.00,4.97
SBGR,2019-05-30 06:00,19.00,19.00,100.00,60.00,5.00,5.59
SBGR,2019-05-30 07:00,19.00,19.00,100.00,60.00,5.00,5.59
SBGR,2019-05-30 08:00,19.00,19.00,100.00,40.00,6.00,3.73
SBGR,2019-05-30 08:18,19.00,19.00,100.00,50.00,7.00,2.49
SBGR,2019-05-30 09:00,19.00,19.00,100.00,50.00,7.00,1.55
SBGR,2019-05-30 09:40,19.00,19.00,100.00,50.00,9.00,2.80
SBGR,2019-05-30 10:00,19.00,19.00,100.00,50.00,9.00,2.80
SBGR,2019-05-30 11:00,19.00,19.00,100.00,60.00,9.00,3.73
SBGR,2019-05-30 12:00,20.00,19.00,93.97,60.00,9.00,4.35
SBGR,2019-05-30 12:20,21.00,19.00,88.34,50.00,8.00,4.97
SBGR,2019-05-30 13:00,22.00,19.00,83.09,70.00,7.00,4.97
SBGR,2019-05-30 14:00,24.00,20.00,78.34,80.00,6.00,5.59
SBGR,2019-05-30 15:00,27.00,19.00,61.58,350.00,9.00,6.21
SBGR,2019-05-30 16:00,26.00,19.00,65.33,310.00,6.00,6.21
SBGR,2019-05-30 17:00,27.00,19.00,61.58,310.00,5.00,6.21
SBGR,2019-05-30 18:00,28.00,18.00,54.55,300.00,12.00,6.21
SBGR,2019-05-30 18:30,23.00,20.00,83.21,150.00,7.00,3.11
SBGR,2019-05-30 19:00,21.00,19.00,88.34,150.00,8.00,3.11
SBGR,2019-05-30 20:00,21.00,18.00,82.98,130.00,3.00,5.59
SBGR,2019-05-30 21:00,21.00,18.00,82.98,80.00,4.00,6.21
SBGR,2019-05-30 22:00,21.00,18.00,82.98,110.00,2.00,6.21
SBGR,2019-05-30 23:00,20.00,18.00,88.26,10.00,2.00,6.21
